{
  "relationships_close_friends": [
    {
      "title": "",
      "media_list_data": [
        
      ],
      "string_list_data": [
        {
          "href": "https://www.instagram.com/milbabayan",
          "value": "milbabayan",
          "timestamp": 1705762353
        }
      ]
    },
    {
      "title": "",
      "media_list_data": [
        
      ],
      "string_list_data": [
        {
          "href": "https://www.instagram.com/zayn",
          "value": "zayn",
          "timestamp": 1705762117
        }
      ]
    },
    {
      "title": "",
      "media_list_data": [
        
      ],
      "string_list_data": [
        {
          "href": "https://www.instagram.com/emamiryann",
          "value": "emamiryann",
          "timestamp": 1705762072
        }
      ]
    },
    {
      "title": "",
      "media_list_data": [
        
      ],
      "string_list_data": [
        {
          "href": "https://www.instagram.com/an__mart___",
          "value": "an__mart___",
          "timestamp": 1705762057
        }
      ]
    },
    {
      "title": "",
      "media_list_data": [
        
      ],
      "string_list_data": [
        {
          "href": "https://www.instagram.com/manmkrtchyan03",
          "value": "manmkrtchyan03",
          "timestamp": 1705762055
        }
      ]
    },
    {
      "title": "",
      "media_list_data": [
        
      ],
      "string_list_data": [
        {
          "href": "https://www.instagram.com/irrenn_e",
          "value": "irrenn_e",
          "timestamp": 1705762053
        }
      ]
    },
    {
      "title": "",
      "media_list_data": [
        
      ],
      "string_list_data": [
        {
          "href": "https://www.instagram.com/el__ghumashyan",
          "value": "el__ghumashyan",
          "timestamp": 1705762052
        }
      ]
    },
    {
      "title": "",
      "media_list_data": [
        
      ],
      "string_list_data": [
        {
          "href": "https://www.instagram.com/_._hassahakyan",
          "value": "_._hassahakyan",
          "timestamp": 1705762050
        }
      ]
    },
    {
      "title": "",
      "media_list_data": [
        
      ],
      "string_list_data": [
        {
          "href": "https://www.instagram.com/yellow__ufo",
          "value": "yellow__ufo",
          "timestamp": 1705762050
        }
      ]
    },
    {
      "title": "",
      "media_list_data": [
        
      ],
      "string_list_data": [
        {
          "href": "https://www.instagram.com/mano_mar",
          "value": "mano_mar",
          "timestamp": 1705762047
        }
      ]
    },
    {
      "title": "",
      "media_list_data": [
        
      ],
      "string_list_data": [
        {
          "href": "https://www.instagram.com/_nareohanjanyan",
          "value": "_nareohanjanyan",
          "timestamp": 1705762043
        }
      ]
    }
  ]
}