{
  "relationships_following": [
    {
      "title": "",
      "media_list_data": [
        
      ],
      "string_list_data": [
        {
          "href": "https://www.instagram.com/fellacia_cosmetics",
          "value": "fellacia_cosmetics",
          "timestamp": 1706041951
        }
      ]
    },
    {
      "title": "",
      "media_list_data": [
        
      ],
      "string_list_data": [
        {
          "href": "https://www.instagram.com/zquad",
          "value": "zquad",
          "timestamp": 1705854680
        }
      ]
    },
    {
      "title": "",
      "media_list_data": [
        
      ],
      "string_list_data": [
        {
          "href": "https://www.instagram.com/_armine_1_2",
          "value": "_armine_1_2",
          "timestamp": 1704303262
        }
      ]
    },
    {
      "title": "",
      "media_list_data": [
        
      ],
      "string_list_data": [
        {
          "href": "https://www.instagram.com/_nareohanjanyan",
          "value": "_nareohanjanyan",
          "timestamp": 1701381296
        }
      ]
    },
    {
      "title": "",
      "media_list_data": [
        
      ],
      "string_list_data": [
        {
          "href": "https://www.instagram.com/liano_art_",
          "value": "liano_art_",
          "timestamp": 1700658332
        }
      ]
    },
    {
      "title": "",
      "media_list_data": [
        
      ],
      "string_list_data": [
        {
          "href": "https://www.instagram.com/babaian8274",
          "value": "babaian8274",
          "timestamp": 1699618735
        }
      ]
    },
    {
      "title": "",
      "media_list_data": [
        
      ],
      "string_list_data": [
        {
          "href": "https://www.instagram.com/theidiomdaily",
          "value": "theidiomdaily",
          "timestamp": 1697175082
        }
      ]
    },
    {
      "title": "",
      "media_list_data": [
        
      ],
      "string_list_data": [
        {
          "href": "https://www.instagram.com/tantushyansergey",
          "value": "tantushyansergey",
          "timestamp": 1696937742
        }
      ]
    },
    {
      "title": "",
      "media_list_data": [
        
      ],
      "string_list_data": [
        {
          "href": "https://www.instagram.com/nurbvtyrov",
          "value": "nurbvtyrov",
          "timestamp": 1694799602
        }
      ]
    },
    {
      "title": "",
      "media_list_data": [
        
      ],
      "string_list_data": [
        {
          "href": "https://www.instagram.com/mauwuverse",
          "value": "mauwuverse",
          "timestamp": 1693380397
        }
      ]
    },
    {
      "title": "",
      "media_list_data": [
        
      ],
      "string_list_data": [
        {
          "href": "https://www.instagram.com/taamhaar_",
          "value": "taamhaar_",
          "timestamp": 1693293742
        }
      ]
    },
    {
      "title": "",
      "media_list_data": [
        
      ],
      "string_list_data": [
        {
          "href": "https://www.instagram.com/rouben_sargsyan",
          "value": "rouben_sargsyan",
          "timestamp": 1692688409
        }
      ]
    },
    {
      "title": "",
      "media_list_data": [
        
      ],
      "string_list_data": [
        {
          "href": "https://www.instagram.com/englishbygiovana",
          "value": "englishbygiovana",
          "timestamp": 1689800391
        }
      ]
    },
    {
      "title": "",
      "media_list_data": [
        
      ],
      "string_list_data": [
        {
          "href": "https://www.instagram.com/_ell.___",
          "value": "_ell.___",
          "timestamp": 1688649328
        }
      ]
    },
    {
      "title": "",
      "media_list_data": [
        
      ],
      "string_list_data": [
        {
          "href": "https://www.instagram.com/has___77777",
          "value": "has___77777",
          "timestamp": 1687330833
        }
      ]
    },
    {
      "title": "",
      "media_list_data": [
        
      ],
      "string_list_data": [
        {
          "href": "https://www.instagram.com/nasdaily",
          "value": "nasdaily",
          "timestamp": 1687115100
        }
      ]
    },
    {
      "title": "",
      "media_list_data": [
        
      ],
      "string_list_data": [
        {
          "href": "https://www.instagram.com/armineluna",
          "value": "armineluna",
          "timestamp": 1686510851
        }
      ]
    },
    {
      "title": "",
      "media_list_data": [
        
      ],
      "string_list_data": [
        {
          "href": "https://www.instagram.com/_aram_arsenovich_",
          "value": "_aram_arsenovich_",
          "timestamp": 1685613477
        }
      ]
    },
    {
      "title": "",
      "media_list_data": [
        
      ],
      "string_list_data": [
        {
          "href": "https://www.instagram.com/imnotalyss",
          "value": "imnotalyss",
          "timestamp": 1685562459
        }
      ]
    },
    {
      "title": "",
      "media_list_data": [
        
      ],
      "string_list_data": [
        {
          "href": "https://www.instagram.com/bys_olver",
          "value": "bys_olver",
          "timestamp": 1683033603
        }
      ]
    },
    {
      "title": "",
      "media_list_data": [
        
      ],
      "string_list_data": [
        {
          "href": "https://www.instagram.com/nare_komitasi",
          "value": "nare_komitasi",
          "timestamp": 1682858087
        }
      ]
    },
    {
      "title": "",
      "media_list_data": [
        
      ],
      "string_list_data": [
        {
          "href": "https://www.instagram.com/exceldictionary",
          "value": "exceldictionary",
          "timestamp": 1682103944
        }
      ]
    },
    {
      "title": "",
      "media_list_data": [
        
      ],
      "string_list_data": [
        {
          "href": "https://www.instagram.com/emmaparanyan27",
          "value": "emmaparanyan27",
          "timestamp": 1679921645
        }
      ]
    },
    {
      "title": "",
      "media_list_data": [
        
      ],
      "string_list_data": [
        {
          "href": "https://www.instagram.com/irrenn_e",
          "value": "irrenn_e",
          "timestamp": 1679413739
        }
      ]
    },
    {
      "title": "",
      "media_list_data": [
        
      ],
      "string_list_data": [
        {
          "href": "https://www.instagram.com/mayilyanjewelry",
          "value": "mayilyanjewelry",
          "timestamp": 1679161765
        }
      ]
    },
    {
      "title": "",
      "media_list_data": [
        
      ],
      "string_list_data": [
        {
          "href": "https://www.instagram.com/chocoofraise",
          "value": "chocoofraise",
          "timestamp": 1675620206
        }
      ]
    },
    {
      "title": "",
      "media_list_data": [
        
      ],
      "string_list_data": [
        {
          "href": "https://www.instagram.com/pes_pes_color",
          "value": "pes_pes_color",
          "timestamp": 1674117158
        }
      ]
    },
    {
      "title": "",
      "media_list_data": [
        
      ],
      "string_list_data": [
        {
          "href": "https://www.instagram.com/soft.construct",
          "value": "soft.construct",
          "timestamp": 1672868706
        }
      ]
    },
    {
      "title": "",
      "media_list_data": [
        
      ],
      "string_list_data": [
        {
          "href": "https://www.instagram.com/blnshin",
          "value": "blnshin",
          "timestamp": 1671730955
        }
      ]
    },
    {
      "title": "",
      "media_list_data": [
        
      ],
      "string_list_data": [
        {
          "href": "https://www.instagram.com/inspofam_",
          "value": "inspofam_",
          "timestamp": 1670701933
        }
      ]
    },
    {
      "title": "",
      "media_list_data": [
        
      ],
      "string_list_data": [
        {
          "href": "https://www.instagram.com/yuri.babayan.92",
          "value": "yuri.babayan.92",
          "timestamp": 1670354170
        }
      ]
    },
    {
      "title": "",
      "media_list_data": [
        
      ],
      "string_list_data": [
        {
          "href": "https://www.instagram.com/_____alka__________",
          "value": "_____alka__________",
          "timestamp": 1669382113
        }
      ]
    },
    {
      "title": "",
      "media_list_data": [
        
      ],
      "string_list_data": [
        {
          "href": "https://www.instagram.com/dreamdnvr",
          "value": "dreamdnvr",
          "timestamp": 1669217578
        }
      ]
    },
    {
      "title": "",
      "media_list_data": [
        
      ],
      "string_list_data": [
        {
          "href": "https://www.instagram.com/nadarina_m",
          "value": "nadarina_m",
          "timestamp": 1665485249
        }
      ]
    },
    {
      "title": "",
      "media_list_data": [
        
      ],
      "string_list_data": [
        {
          "href": "https://www.instagram.com/elennishere",
          "value": "elennishere",
          "timestamp": 1664278397
        }
      ]
    },
    {
      "title": "",
      "media_list_data": [
        
      ],
      "string_list_data": [
        {
          "href": "https://www.instagram.com/alaverdianm_",
          "value": "alaverdianm_",
          "timestamp": 1664044227
        }
      ]
    },
    {
      "title": "",
      "media_list_data": [
        
      ],
      "string_list_data": [
        {
          "href": "https://www.instagram.com/lianaaramyan",
          "value": "lianaaramyan",
          "timestamp": 1663575671
        }
      ]
    },
    {
      "title": "",
      "media_list_data": [
        
      ],
      "string_list_data": [
        {
          "href": "https://www.instagram.com/d.tumasian",
          "value": "d.tumasian",
          "timestamp": 1662561099
        }
      ]
    },
    {
      "title": "",
      "media_list_data": [
        
      ],
      "string_list_data": [
        {
          "href": "https://www.instagram.com/__millena___",
          "value": "__millena___",
          "timestamp": 1662127019
        }
      ]
    },
    {
      "title": "",
      "media_list_data": [
        
      ],
      "string_list_data": [
        {
          "href": "https://www.instagram.com/auaadmissions",
          "value": "auaadmissions",
          "timestamp": 1659877320
        }
      ]
    },
    {
      "title": "",
      "media_list_data": [
        
      ],
      "string_list_data": [
        {
          "href": "https://www.instagram.com/an__mart___",
          "value": "an__mart___",
          "timestamp": 1659215417
        }
      ]
    },
    {
      "title": "",
      "media_list_data": [
        
      ],
      "string_list_data": [
        {
          "href": "https://www.instagram.com/11silver.minimal",
          "value": "11silver.minimal",
          "timestamp": 1655403915
        }
      ]
    },
    {
      "title": "",
      "media_list_data": [
        
      ],
      "string_list_data": [
        {
          "href": "https://www.instagram.com/elina070516",
          "value": "elina070516",
          "timestamp": 1655152100
        }
      ]
    },
    {
      "title": "",
      "media_list_data": [
        
      ],
      "string_list_data": [
        {
          "href": "https://www.instagram.com/mmmaaaannnni",
          "value": "mmmaaaannnni",
          "timestamp": 1653854544
        }
      ]
    },
    {
      "title": "",
      "media_list_data": [
        
      ],
      "string_list_data": [
        {
          "href": "https://www.instagram.com/lilit.mardanyan",
          "value": "lilit.mardanyan",
          "timestamp": 1652897113
        }
      ]
    },
    {
      "title": "",
      "media_list_data": [
        
      ],
      "string_list_data": [
        {
          "href": "https://www.instagram.com/in__karapetyan",
          "value": "in__karapetyan",
          "timestamp": 1651219955
        }
      ]
    },
    {
      "title": "",
      "media_list_data": [
        
      ],
      "string_list_data": [
        {
          "href": "https://www.instagram.com/ramadiel4",
          "value": "ramadiel4",
          "timestamp": 1651219746
        }
      ]
    },
    {
      "title": "",
      "media_list_data": [
        
      ],
      "string_list_data": [
        {
          "href": "https://www.instagram.com/sateantaranyan",
          "value": "sateantaranyan",
          "timestamp": 1650554538
        }
      ]
    },
    {
      "title": "",
      "media_list_data": [
        
      ],
      "string_list_data": [
        {
          "href": "https://www.instagram.com/alliage_dina",
          "value": "alliage_dina",
          "timestamp": 1650313433
        }
      ]
    },
    {
      "title": "",
      "media_list_data": [
        
      ],
      "string_list_data": [
        {
          "href": "https://www.instagram.com/___888________________________",
          "value": "___888________________________",
          "timestamp": 1649746343
        }
      ]
    },
    {
      "title": "",
      "media_list_data": [
        
      ],
      "string_list_data": [
        {
          "href": "https://www.instagram.com/_sedrakyan.__",
          "value": "_sedrakyan.__",
          "timestamp": 1649499246
        }
      ]
    },
    {
      "title": "",
      "media_list_data": [
        
      ],
      "string_list_data": [
        {
          "href": "https://www.instagram.com/aua.parties",
          "value": "aua.parties",
          "timestamp": 1649169204
        }
      ]
    },
    {
      "title": "",
      "media_list_data": [
        
      ],
      "string_list_data": [
        {
          "href": "https://www.instagram.com/arev.papikyan",
          "value": "arev.papikyan",
          "timestamp": 1648834098
        }
      ]
    },
    {
      "title": "",
      "media_list_data": [
        
      ],
      "string_list_data": [
        {
          "href": "https://www.instagram.com/elinaohanjan",
          "value": "elinaohanjan",
          "timestamp": 1648366136
        }
      ]
    },
    {
      "title": "",
      "media_list_data": [
        
      ],
      "string_list_data": [
        {
          "href": "https://www.instagram.com/zartonkmedia",
          "value": "zartonkmedia",
          "timestamp": 1648243359
        }
      ]
    },
    {
      "title": "",
      "media_list_data": [
        
      ],
      "string_list_data": [
        {
          "href": "https://www.instagram.com/moniquueee____",
          "value": "moniquueee____",
          "timestamp": 1648188425
        }
      ]
    },
    {
      "title": "",
      "media_list_data": [
        
      ],
      "string_list_data": [
        {
          "href": "https://www.instagram.com/mariana__sargsyan",
          "value": "mariana__sargsyan",
          "timestamp": 1647847061
        }
      ]
    },
    {
      "title": "",
      "media_list_data": [
        
      ],
      "string_list_data": [
        {
          "href": "https://www.instagram.com/_._hassahakyan",
          "value": "_._hassahakyan",
          "timestamp": 1647339600
        }
      ]
    },
    {
      "title": "",
      "media_list_data": [
        
      ],
      "string_list_data": [
        {
          "href": "https://www.instagram.com/zebrashop.am",
          "value": "zebrashop.am",
          "timestamp": 1646478574
        }
      ]
    },
    {
      "title": "",
      "media_list_data": [
        
      ],
      "string_list_data": [
        {
          "href": "https://www.instagram.com/maundarin",
          "value": "maundarin",
          "timestamp": 1646303221
        }
      ]
    },
    {
      "title": "",
      "media_list_data": [
        
      ],
      "string_list_data": [
        {
          "href": "https://www.instagram.com/yeva_manukyan",
          "value": "yeva_manukyan",
          "timestamp": 1646223528
        }
      ]
    },
    {
      "title": "",
      "media_list_data": [
        
      ],
      "string_list_data": [
        {
          "href": "https://www.instagram.com/bolseroarmenia",
          "value": "bolseroarmenia",
          "timestamp": 1642075109
        }
      ]
    },
    {
      "title": "",
      "media_list_data": [
        
      ],
      "string_list_data": [
        {
          "href": "https://www.instagram.com/aletamkrtchian",
          "value": "aletamkrtchian",
          "timestamp": 1640463659
        }
      ]
    },
    {
      "title": "",
      "media_list_data": [
        
      ],
      "string_list_data": [
        {
          "href": "https://www.instagram.com/rimullbaghdasaryan",
          "value": "rimullbaghdasaryan",
          "timestamp": 1638538168
        }
      ]
    },
    {
      "title": "",
      "media_list_data": [
        
      ],
      "string_list_data": [
        {
          "href": "https://www.instagram.com/aua.meme",
          "value": "aua.meme",
          "timestamp": 1635966561
        }
      ]
    },
    {
      "title": "",
      "media_list_data": [
        
      ],
      "string_list_data": [
        {
          "href": "https://www.instagram.com/tamara.nazaryann",
          "value": "tamara.nazaryann",
          "timestamp": 1635152977
        }
      ]
    },
    {
      "title": "",
      "media_list_data": [
        
      ],
      "string_list_data": [
        {
          "href": "https://www.instagram.com/mariabuniatyan",
          "value": "mariabuniatyan",
          "timestamp": 1634907770
        }
      ]
    },
    {
      "title": "",
      "media_list_data": [
        
      ],
      "string_list_data": [
        {
          "href": "https://www.instagram.com/vs.hovash",
          "value": "vs.hovash",
          "timestamp": 1634547448
        }
      ]
    },
    {
      "title": "",
      "media_list_data": [
        
      ],
      "string_list_data": [
        {
          "href": "https://www.instagram.com/syuzi_.sargsyan",
          "value": "syuzi_.sargsyan",
          "timestamp": 1634240075
        }
      ]
    },
    {
      "title": "",
      "media_list_data": [
        
      ],
      "string_list_data": [
        {
          "href": "https://www.instagram.com/kristinaayanyan",
          "value": "kristinaayanyan",
          "timestamp": 1633928776
        }
      ]
    },
    {
      "title": "",
      "media_list_data": [
        
      ],
      "string_list_data": [
        {
          "href": "https://www.instagram.com/mane_stepanyan",
          "value": "mane_stepanyan",
          "timestamp": 1633505183
        }
      ]
    },
    {
      "title": "",
      "media_list_data": [
        
      ],
      "string_list_data": [
        {
          "href": "https://www.instagram.com/petrvarr",
          "value": "petrvarr",
          "timestamp": 1632900053
        }
      ]
    },
    {
      "title": "",
      "media_list_data": [
        
      ],
      "string_list_data": [
        {
          "href": "https://www.instagram.com/jennybalaban_",
          "value": "jennybalaban_",
          "timestamp": 1632468289
        }
      ]
    },
    {
      "title": "",
      "media_list_data": [
        
      ],
      "string_list_data": [
        {
          "href": "https://www.instagram.com/astx.g",
          "value": "astx.g",
          "timestamp": 1630395226
        }
      ]
    },
    {
      "title": "",
      "media_list_data": [
        
      ],
      "string_list_data": [
        {
          "href": "https://www.instagram.com/seliamardirosian",
          "value": "seliamardirosian",
          "timestamp": 1629970425
        }
      ]
    },
    {
      "title": "",
      "media_list_data": [
        
      ],
      "string_list_data": [
        {
          "href": "https://www.instagram.com/a_aghaloyan",
          "value": "a_aghaloyan",
          "timestamp": 1627985047
        }
      ]
    },
    {
      "title": "",
      "media_list_data": [
        
      ],
      "string_list_data": [
        {
          "href": "https://www.instagram.com/anextp",
          "value": "anextp",
          "timestamp": 1627982801
        }
      ]
    },
    {
      "title": "",
      "media_list_data": [
        
      ],
      "string_list_data": [
        {
          "href": "https://www.instagram.com/yellow__ufo",
          "value": "yellow__ufo",
          "timestamp": 1627980205
        }
      ]
    },
    {
      "title": "",
      "media_list_data": [
        
      ],
      "string_list_data": [
        {
          "href": "https://www.instagram.com/hakobjaniann",
          "value": "hakobjaniann",
          "timestamp": 1626635336
        }
      ]
    },
    {
      "title": "",
      "media_list_data": [
        
      ],
      "string_list_data": [
        {
          "href": "https://www.instagram.com/meryyharutyunyan",
          "value": "meryyharutyunyan",
          "timestamp": 1626632388
        }
      ]
    },
    {
      "title": "",
      "media_list_data": [
        
      ],
      "string_list_data": [
        {
          "href": "https://www.instagram.com/yelena.kolupaeva",
          "value": "yelena.kolupaeva",
          "timestamp": 1626614494
        }
      ]
    },
    {
      "title": "",
      "media_list_data": [
        
      ],
      "string_list_data": [
        {
          "href": "https://www.instagram.com/angelina.oha",
          "value": "angelina.oha",
          "timestamp": 1626609374
        }
      ]
    },
    {
      "title": "",
      "media_list_data": [
        
      ],
      "string_list_data": [
        {
          "href": "https://www.instagram.com/ada.avanes",
          "value": "ada.avanes",
          "timestamp": 1625926254
        }
      ]
    },
    {
      "title": "",
      "media_list_data": [
        
      ],
      "string_list_data": [
        {
          "href": "https://www.instagram.com/eltonoyann",
          "value": "eltonoyann",
          "timestamp": 1625299139
        }
      ]
    },
    {
      "title": "",
      "media_list_data": [
        
      ],
      "string_list_data": [
        {
          "href": "https://www.instagram.com/lian.grigorian",
          "value": "lian.grigorian",
          "timestamp": 1624466605
        }
      ]
    },
    {
      "title": "",
      "media_list_data": [
        
      ],
      "string_list_data": [
        {
          "href": "https://www.instagram.com/yourrrr.infinity",
          "value": "yourrrr.infinity",
          "timestamp": 1624438226
        }
      ]
    },
    {
      "title": "",
      "media_list_data": [
        
      ],
      "string_list_data": [
        {
          "href": "https://www.instagram.com/d_a_y__a_n_a",
          "value": "d_a_y__a_n_a",
          "timestamp": 1624393294
        }
      ]
    },
    {
      "title": "",
      "media_list_data": [
        
      ],
      "string_list_data": [
        {
          "href": "https://www.instagram.com/karolina__grigoryan",
          "value": "karolina__grigoryan",
          "timestamp": 1624386458
        }
      ]
    },
    {
      "title": "",
      "media_list_data": [
        
      ],
      "string_list_data": [
        {
          "href": "https://www.instagram.com/milbabayan",
          "value": "milbabayan",
          "timestamp": 1621676681
        }
      ]
    },
    {
      "title": "",
      "media_list_data": [
        
      ],
      "string_list_data": [
        {
          "href": "https://www.instagram.com/marietasaringulyann",
          "value": "marietasaringulyann",
          "timestamp": 1618219536
        }
      ]
    },
    {
      "title": "",
      "media_list_data": [
        
      ],
      "string_list_data": [
        {
          "href": "https://www.instagram.com/_araqsyasargsyan",
          "value": "_araqsyasargsyan",
          "timestamp": 1613911577
        }
      ]
    },
    {
      "title": "",
      "media_list_data": [
        
      ],
      "string_list_data": [
        {
          "href": "https://www.instagram.com/_liananersisyan",
          "value": "_liananersisyan",
          "timestamp": 1610294864
        }
      ]
    },
    {
      "title": "",
      "media_list_data": [
        
      ],
      "string_list_data": [
        {
          "href": "https://www.instagram.com/milena_khechoyan",
          "value": "milena_khechoyan",
          "timestamp": 1609404320
        }
      ]
    },
    {
      "title": "",
      "media_list_data": [
        
      ],
      "string_list_data": [
        {
          "href": "https://www.instagram.com/elinnaart",
          "value": "elinnaart",
          "timestamp": 1608836374
        }
      ]
    },
    {
      "title": "",
      "media_list_data": [
        
      ],
      "string_list_data": [
        {
          "href": "https://www.instagram.com/mag.aslanyan",
          "value": "mag.aslanyan",
          "timestamp": 1608473624
        }
      ]
    },
    {
      "title": "",
      "media_list_data": [
        
      ],
      "string_list_data": [
        {
          "href": "https://www.instagram.com/shoghergalstian",
          "value": "shoghergalstian",
          "timestamp": 1606158658
        }
      ]
    },
    {
      "title": "",
      "media_list_data": [
        
      ],
      "string_list_data": [
        {
          "href": "https://www.instagram.com/ani_jhane",
          "value": "ani_jhane",
          "timestamp": 1606158490
        }
      ]
    },
    {
      "title": "",
      "media_list_data": [
        
      ],
      "string_list_data": [
        {
          "href": "https://www.instagram.com/misht_jptacox_txur_sirt",
          "value": "misht_jptacox_txur_sirt",
          "timestamp": 1602267308
        }
      ]
    },
    {
      "title": "",
      "media_list_data": [
        
      ],
      "string_list_data": [
        {
          "href": "https://www.instagram.com/rnazaryann",
          "value": "rnazaryann",
          "timestamp": 1601648262
        }
      ]
    },
    {
      "title": "",
      "media_list_data": [
        
      ],
      "string_list_data": [
        {
          "href": "https://www.instagram.com/sona._k",
          "value": "sona._k",
          "timestamp": 1601647938
        }
      ]
    },
    {
      "title": "",
      "media_list_data": [
        
      ],
      "string_list_data": [
        {
          "href": "https://www.instagram.com/aua_insta",
          "value": "aua_insta",
          "timestamp": 1599603472
        }
      ]
    },
    {
      "title": "",
      "media_list_data": [
        
      ],
      "string_list_data": [
        {
          "href": "https://www.instagram.com/sollncee__",
          "value": "sollncee__",
          "timestamp": 1594816911
        }
      ]
    },
    {
      "title": "",
      "media_list_data": [
        
      ],
      "string_list_data": [
        {
          "href": "https://www.instagram.com/3raffy",
          "value": "3raffy",
          "timestamp": 1594816823
        }
      ]
    },
    {
      "title": "",
      "media_list_data": [
        
      ],
      "string_list_data": [
        {
          "href": "https://www.instagram.com/nersavetisyan",
          "value": "nersavetisyan",
          "timestamp": 1588787406
        }
      ]
    },
    {
      "title": "",
      "media_list_data": [
        
      ],
      "string_list_data": [
        {
          "href": "https://www.instagram.com/akhach77",
          "value": "akhach77",
          "timestamp": 1583002561
        }
      ]
    },
    {
      "title": "",
      "media_list_data": [
        
      ],
      "string_list_data": [
        {
          "href": "https://www.instagram.com/an20._",
          "value": "an20._",
          "timestamp": 1583000222
        }
      ]
    },
    {
      "title": "",
      "media_list_data": [
        
      ],
      "string_list_data": [
        {
          "href": "https://www.instagram.com/annehathaway",
          "value": "annehathaway",
          "timestamp": 1580630175
        }
      ]
    },
    {
      "title": "",
      "media_list_data": [
        
      ],
      "string_list_data": [
        {
          "href": "https://www.instagram.com/gift__for__smile",
          "value": "gift__for__smile",
          "timestamp": 1580234065
        }
      ]
    },
    {
      "title": "",
      "media_list_data": [
        
      ],
      "string_list_data": [
        {
          "href": "https://www.instagram.com/merysahakyaan",
          "value": "merysahakyaan",
          "timestamp": 1579171520
        }
      ]
    },
    {
      "title": "",
      "media_list_data": [
        
      ],
      "string_list_data": [
        {
          "href": "https://www.instagram.com/_nikkaa.02_",
          "value": "_nikkaa.02_",
          "timestamp": 1569245304
        }
      ]
    },
    {
      "title": "",
      "media_list_data": [
        
      ],
      "string_list_data": [
        {
          "href": "https://www.instagram.com/emamiryann",
          "value": "emamiryann",
          "timestamp": 1567797082
        }
      ]
    },
    {
      "title": "",
      "media_list_data": [
        
      ],
      "string_list_data": [
        {
          "href": "https://www.instagram.com/manmkrtchyan03",
          "value": "manmkrtchyan03",
          "timestamp": 1567532424
        }
      ]
    },
    {
      "title": "",
      "media_list_data": [
        
      ],
      "string_list_data": [
        {
          "href": "https://www.instagram.com/hamlet_parsyan__",
          "value": "hamlet_parsyan__",
          "timestamp": 1564567208
        }
      ]
    },
    {
      "title": "",
      "media_list_data": [
        
      ],
      "string_list_data": [
        {
          "href": "https://www.instagram.com/narine.harut",
          "value": "narine.harut",
          "timestamp": 1561483321
        }
      ]
    },
    {
      "title": "",
      "media_list_data": [
        
      ],
      "string_list_data": [
        {
          "href": "https://www.instagram.com/a.mart_design",
          "value": "a.mart_design",
          "timestamp": 1556898696
        }
      ]
    },
    {
      "title": "",
      "media_list_data": [
        
      ],
      "string_list_data": [
        {
          "href": "https://www.instagram.com/mike__.42",
          "value": "mike__.42",
          "timestamp": 1553590470
        }
      ]
    },
    {
      "title": "",
      "media_list_data": [
        
      ],
      "string_list_data": [
        {
          "href": "https://www.instagram.com/seda___sargsi",
          "value": "seda___sargsi",
          "timestamp": 1553184181
        }
      ]
    },
    {
      "title": "",
      "media_list_data": [
        
      ],
      "string_list_data": [
        {
          "href": "https://www.instagram.com/mariannaghazaryan98",
          "value": "mariannaghazaryan98",
          "timestamp": 1551943337
        }
      ]
    },
    {
      "title": "",
      "media_list_data": [
        
      ],
      "string_list_data": [
        {
          "href": "https://www.instagram.com/lilith_gasparian",
          "value": "lilith_gasparian",
          "timestamp": 1550935606
        }
      ]
    },
    {
      "title": "",
      "media_list_data": [
        
      ],
      "string_list_data": [
        {
          "href": "https://www.instagram.com/el__ghumashyan",
          "value": "el__ghumashyan",
          "timestamp": 1550772933
        }
      ]
    },
    {
      "title": "",
      "media_list_data": [
        
      ],
      "string_list_data": [
        {
          "href": "https://www.instagram.com/silvi.tadevosyan",
          "value": "silvi.tadevosyan",
          "timestamp": 1549723551
        }
      ]
    },
    {
      "title": "",
      "media_list_data": [
        
      ],
      "string_list_data": [
        {
          "href": "https://www.instagram.com/edward.ohanyan",
          "value": "edward.ohanyan",
          "timestamp": 1548533297
        }
      ]
    },
    {
      "title": "",
      "media_list_data": [
        
      ],
      "string_list_data": [
        {
          "href": "https://www.instagram.com/mkrtchyan__liana",
          "value": "mkrtchyan__liana",
          "timestamp": 1546978346
        }
      ]
    },
    {
      "title": "",
      "media_list_data": [
        
      ],
      "string_list_data": [
        {
          "href": "https://www.instagram.com/be_trendy_girls",
          "value": "be_trendy_girls",
          "timestamp": 1542010685
        }
      ]
    },
    {
      "title": "",
      "media_list_data": [
        
      ],
      "string_list_data": [
        {
          "href": "https://www.instagram.com/mar_musheghyan",
          "value": "mar_musheghyan",
          "timestamp": 1540413178
        }
      ]
    },
    {
      "title": "",
      "media_list_data": [
        
      ],
      "string_list_data": [
        {
          "href": "https://www.instagram.com/annaminasyann",
          "value": "annaminasyann",
          "timestamp": 1539237602
        }
      ]
    },
    {
      "title": "",
      "media_list_data": [
        
      ],
      "string_list_data": [
        {
          "href": "https://www.instagram.com/seda.hayrapetyan",
          "value": "seda.hayrapetyan",
          "timestamp": 1538245429
        }
      ]
    },
    {
      "title": "",
      "media_list_data": [
        
      ],
      "string_list_data": [
        {
          "href": "https://www.instagram.com/sonarzumanyan",
          "value": "sonarzumanyan",
          "timestamp": 1536344749
        }
      ]
    },
    {
      "title": "",
      "media_list_data": [
        
      ],
      "string_list_data": [
        {
          "href": "https://www.instagram.com/sonnhakobyan",
          "value": "sonnhakobyan",
          "timestamp": 1536323928
        }
      ]
    },
    {
      "title": "",
      "media_list_data": [
        
      ],
      "string_list_data": [
        {
          "href": "https://www.instagram.com/hasbaghdasaryan_",
          "value": "hasbaghdasaryan_",
          "timestamp": 1535945080
        }
      ]
    },
    {
      "title": "",
      "media_list_data": [
        
      ],
      "string_list_data": [
        {
          "href": "https://www.instagram.com/lyusi_alaverdyan",
          "value": "lyusi_alaverdyan",
          "timestamp": 1535374387
        }
      ]
    },
    {
      "title": "",
      "media_list_data": [
        
      ],
      "string_list_data": [
        {
          "href": "https://www.instagram.com/garikpapoyan",
          "value": "garikpapoyan",
          "timestamp": 1532867904
        }
      ]
    },
    {
      "title": "",
      "media_list_data": [
        
      ],
      "string_list_data": [
        {
          "href": "https://www.instagram.com/izabel_arabyan",
          "value": "izabel_arabyan",
          "timestamp": 1527438217
        }
      ]
    },
    {
      "title": "",
      "media_list_data": [
        
      ],
      "string_list_data": [
        {
          "href": "https://www.instagram.com/adane_dance_studio",
          "value": "adane_dance_studio",
          "timestamp": 1525449023
        }
      ]
    },
    {
      "title": "",
      "media_list_data": [
        
      ],
      "string_list_data": [
        {
          "href": "https://www.instagram.com/zayn",
          "value": "zayn",
          "timestamp": 1523471321
        }
      ]
    },
    {
      "title": "",
      "media_list_data": [
        
      ],
      "string_list_data": [
        {
          "href": "https://www.instagram.com/be_trendy_girl_",
          "value": "be_trendy_girl_",
          "timestamp": 1520517044
        }
      ]
    },
    {
      "title": "",
      "media_list_data": [
        
      ],
      "string_list_data": [
        {
          "href": "https://www.instagram.com/ghostkira_._",
          "value": "ghostkira_._",
          "timestamp": 1519552751
        }
      ]
    },
    {
      "title": "",
      "media_list_data": [
        
      ],
      "string_list_data": [
        {
          "href": "https://www.instagram.com/__ann.13_",
          "value": "__ann.13_",
          "timestamp": 1516375040
        }
      ]
    },
    {
      "title": "",
      "media_list_data": [
        
      ],
      "string_list_data": [
        {
          "href": "https://www.instagram.com/mibangrem",
          "value": "mibangrem",
          "timestamp": 1513798963
        }
      ]
    },
    {
      "title": "",
      "media_list_data": [
        
      ],
      "string_list_data": [
        {
          "href": "https://www.instagram.com/babayan_771",
          "value": "babayan_771",
          "timestamp": 1512237965
        }
      ]
    },
    {
      "title": "",
      "media_list_data": [
        
      ],
      "string_list_data": [
        {
          "href": "https://www.instagram.com/svetabadaliann",
          "value": "svetabadaliann",
          "timestamp": 1510338173
        }
      ]
    },
    {
      "title": "",
      "media_list_data": [
        
      ],
      "string_list_data": [
        {
          "href": "https://www.instagram.com/armlian",
          "value": "armlian",
          "timestamp": 1500470043
        }
      ]
    },
    {
      "title": "",
      "media_list_data": [
        
      ],
      "string_list_data": [
        {
          "href": "https://www.instagram.com/alliage_beauty_salon",
          "value": "alliage_beauty_salon",
          "timestamp": 1500295038
        }
      ]
    },
    {
      "title": "",
      "media_list_data": [
        
      ],
      "string_list_data": [
        {
          "href": "https://www.instagram.com/mano_mar",
          "value": "mano_mar",
          "timestamp": 1500235969
        }
      ]
    },
    {
      "title": "",
      "media_list_data": [
        
      ],
      "string_list_data": [
        {
          "href": "https://www.instagram.com/vahanohanjanyan",
          "value": "vahanohanjanyan",
          "timestamp": 1500224666
        }
      ]
    }
  ]
}