[
  {
    "title": "",
    "media_list_data": [
      
    ],
    "string_list_data": [
      {
        "href": "https://www.instagram.com/fellacia_cosmetics",
        "value": "fellacia_cosmetics",
        "timestamp": 1706043804
      }
    ]
  },
  {
    "title": "",
    "media_list_data": [
      
    ],
    "string_list_data": [
      {
        "href": "https://www.instagram.com/_armine_1_2",
        "value": "_armine_1_2",
        "timestamp": 1704302907
      }
    ]
  },
  {
    "title": "",
    "media_list_data": [
      
    ],
    "string_list_data": [
      {
        "href": "https://www.instagram.com/_nareohanjanyan",
        "value": "_nareohanjanyan",
        "timestamp": 1701381307
      }
    ]
  },
  {
    "title": "",
    "media_list_data": [
      
    ],
    "string_list_data": [
      {
        "href": "https://www.instagram.com/liano_art_",
        "value": "liano_art_",
        "timestamp": 1700658330
      }
    ]
  },
  {
    "title": "",
    "media_list_data": [
      
    ],
    "string_list_data": [
      {
        "href": "https://www.instagram.com/taamhaar_",
        "value": "taamhaar_",
        "timestamp": 1693289529
      }
    ]
  },
  {
    "title": "",
    "media_list_data": [
      
    ],
    "string_list_data": [
      {
        "href": "https://www.instagram.com/rouben_sargsyan",
        "value": "rouben_sargsyan",
        "timestamp": 1692688406
      }
    ]
  },
  {
    "title": "",
    "media_list_data": [
      
    ],
    "string_list_data": [
      {
        "href": "https://www.instagram.com/babaian8274",
        "value": "babaian8274",
        "timestamp": 1691613740
      }
    ]
  },
  {
    "title": "",
    "media_list_data": [
      
    ],
    "string_list_data": [
      {
        "href": "https://www.instagram.com/_ell.___",
        "value": "_ell.___",
        "timestamp": 1688649326
      }
    ]
  },
  {
    "title": "",
    "media_list_data": [
      
    ],
    "string_list_data": [
      {
        "href": "https://www.instagram.com/has___77777",
        "value": "has___77777",
        "timestamp": 1687300550
      }
    ]
  },
  {
    "title": "",
    "media_list_data": [
      
    ],
    "string_list_data": [
      {
        "href": "https://www.instagram.com/armineluna",
        "value": "armineluna",
        "timestamp": 1686318995
      }
    ]
  },
  {
    "title": "",
    "media_list_data": [
      
    ],
    "string_list_data": [
      {
        "href": "https://www.instagram.com/_aram_arsenovich_",
        "value": "_aram_arsenovich_",
        "timestamp": 1685613460
      }
    ]
  },
  {
    "title": "",
    "media_list_data": [
      
    ],
    "string_list_data": [
      {
        "href": "https://www.instagram.com/imnotalyss",
        "value": "imnotalyss",
        "timestamp": 1685562457
      }
    ]
  },
  {
    "title": "",
    "media_list_data": [
      
    ],
    "string_list_data": [
      {
        "href": "https://www.instagram.com/bys_olver",
        "value": "bys_olver",
        "timestamp": 1683034387
      }
    ]
  },
  {
    "title": "",
    "media_list_data": [
      
    ],
    "string_list_data": [
      {
        "href": "https://www.instagram.com/nare_komitasi",
        "value": "nare_komitasi",
        "timestamp": 1682858084
      }
    ]
  },
  {
    "title": "",
    "media_list_data": [
      
    ],
    "string_list_data": [
      {
        "href": "https://www.instagram.com/emmaparanyan27",
        "value": "emmaparanyan27",
        "timestamp": 1679923233
      }
    ]
  },
  {
    "title": "",
    "media_list_data": [
      
    ],
    "string_list_data": [
      {
        "href": "https://www.instagram.com/irrenn_e",
        "value": "irrenn_e",
        "timestamp": 1679413670
      }
    ]
  },
  {
    "title": "",
    "media_list_data": [
      
    ],
    "string_list_data": [
      {
        "href": "https://www.instagram.com/blnshin",
        "value": "blnshin",
        "timestamp": 1671730951
      }
    ]
  },
  {
    "title": "",
    "media_list_data": [
      
    ],
    "string_list_data": [
      {
        "href": "https://www.instagram.com/inspofam_",
        "value": "inspofam_",
        "timestamp": 1670701928
      }
    ]
  },
  {
    "title": "",
    "media_list_data": [
      
    ],
    "string_list_data": [
      {
        "href": "https://www.instagram.com/yuri.babayan.92",
        "value": "yuri.babayan.92",
        "timestamp": 1670352283
      }
    ]
  },
  {
    "title": "",
    "media_list_data": [
      
    ],
    "string_list_data": [
      {
        "href": "https://www.instagram.com/_____alka__________",
        "value": "_____alka__________",
        "timestamp": 1669382111
      }
    ]
  },
  {
    "title": "",
    "media_list_data": [
      
    ],
    "string_list_data": [
      {
        "href": "https://www.instagram.com/nadarina_m",
        "value": "nadarina_m",
        "timestamp": 1665503040
      }
    ]
  },
  {
    "title": "",
    "media_list_data": [
      
    ],
    "string_list_data": [
      {
        "href": "https://www.instagram.com/elennishere",
        "value": "elennishere",
        "timestamp": 1664283189
      }
    ]
  },
  {
    "title": "",
    "media_list_data": [
      
    ],
    "string_list_data": [
      {
        "href": "https://www.instagram.com/alaverdianm_",
        "value": "alaverdianm_",
        "timestamp": 1664044332
      }
    ]
  },
  {
    "title": "",
    "media_list_data": [
      
    ],
    "string_list_data": [
      {
        "href": "https://www.instagram.com/lianaaramyan",
        "value": "lianaaramyan",
        "timestamp": 1663575669
      }
    ]
  },
  {
    "title": "",
    "media_list_data": [
      
    ],
    "string_list_data": [
      {
        "href": "https://www.instagram.com/d.tumasian",
        "value": "d.tumasian",
        "timestamp": 1662557608
      }
    ]
  },
  {
    "title": "",
    "media_list_data": [
      
    ],
    "string_list_data": [
      {
        "href": "https://www.instagram.com/__millena___",
        "value": "__millena___",
        "timestamp": 1662116853
      }
    ]
  },
  {
    "title": "",
    "media_list_data": [
      
    ],
    "string_list_data": [
      {
        "href": "https://www.instagram.com/an__mart___",
        "value": "an__mart___",
        "timestamp": 1659215414
      }
    ]
  },
  {
    "title": "",
    "media_list_data": [
      
    ],
    "string_list_data": [
      {
        "href": "https://www.instagram.com/elina070516",
        "value": "elina070516",
        "timestamp": 1655152051
      }
    ]
  },
  {
    "title": "",
    "media_list_data": [
      
    ],
    "string_list_data": [
      {
        "href": "https://www.instagram.com/mmmaaaannnni",
        "value": "mmmaaaannnni",
        "timestamp": 1653851688
      }
    ]
  },
  {
    "title": "",
    "media_list_data": [
      
    ],
    "string_list_data": [
      {
        "href": "https://www.instagram.com/aua.parties",
        "value": "aua.parties",
        "timestamp": 1653161316
      }
    ]
  },
  {
    "title": "",
    "media_list_data": [
      
    ],
    "string_list_data": [
      {
        "href": "https://www.instagram.com/lilit.mardanyan",
        "value": "lilit.mardanyan",
        "timestamp": 1652902670
      }
    ]
  },
  {
    "title": "",
    "media_list_data": [
      
    ],
    "string_list_data": [
      {
        "href": "https://www.instagram.com/in__karapetyan",
        "value": "in__karapetyan",
        "timestamp": 1651219972
      }
    ]
  },
  {
    "title": "",
    "media_list_data": [
      
    ],
    "string_list_data": [
      {
        "href": "https://www.instagram.com/ramadiel4",
        "value": "ramadiel4",
        "timestamp": 1651219761
      }
    ]
  },
  {
    "title": "",
    "media_list_data": [
      
    ],
    "string_list_data": [
      {
        "href": "https://www.instagram.com/mauwuverse",
        "value": "mauwuverse",
        "timestamp": 1650858446
      }
    ]
  },
  {
    "title": "",
    "media_list_data": [
      
    ],
    "string_list_data": [
      {
        "href": "https://www.instagram.com/sateantaranyan",
        "value": "sateantaranyan",
        "timestamp": 1650554784
      }
    ]
  },
  {
    "title": "",
    "media_list_data": [
      
    ],
    "string_list_data": [
      {
        "href": "https://www.instagram.com/alliage_dina",
        "value": "alliage_dina",
        "timestamp": 1650313431
      }
    ]
  },
  {
    "title": "",
    "media_list_data": [
      
    ],
    "string_list_data": [
      {
        "href": "https://www.instagram.com/___888________________________",
        "value": "___888________________________",
        "timestamp": 1649746341
      }
    ]
  },
  {
    "title": "",
    "media_list_data": [
      
    ],
    "string_list_data": [
      {
        "href": "https://www.instagram.com/_sedrakyan.__",
        "value": "_sedrakyan.__",
        "timestamp": 1649499080
      }
    ]
  },
  {
    "title": "",
    "media_list_data": [
      
    ],
    "string_list_data": [
      {
        "href": "https://www.instagram.com/arev.papikyan",
        "value": "arev.papikyan",
        "timestamp": 1648834096
      }
    ]
  },
  {
    "title": "",
    "media_list_data": [
      
    ],
    "string_list_data": [
      {
        "href": "https://www.instagram.com/elinaohanjan",
        "value": "elinaohanjan",
        "timestamp": 1648325088
      }
    ]
  },
  {
    "title": "",
    "media_list_data": [
      
    ],
    "string_list_data": [
      {
        "href": "https://www.instagram.com/moniquueee____",
        "value": "moniquueee____",
        "timestamp": 1648187825
      }
    ]
  },
  {
    "title": "",
    "media_list_data": [
      
    ],
    "string_list_data": [
      {
        "href": "https://www.instagram.com/mariana__sargsyan",
        "value": "mariana__sargsyan",
        "timestamp": 1647847038
      }
    ]
  },
  {
    "title": "",
    "media_list_data": [
      
    ],
    "string_list_data": [
      {
        "href": "https://www.instagram.com/_._hassahakyan",
        "value": "_._hassahakyan",
        "timestamp": 1647339640
      }
    ]
  },
  {
    "title": "",
    "media_list_data": [
      
    ],
    "string_list_data": [
      {
        "href": "https://www.instagram.com/maundarin",
        "value": "maundarin",
        "timestamp": 1646303238
      }
    ]
  },
  {
    "title": "",
    "media_list_data": [
      
    ],
    "string_list_data": [
      {
        "href": "https://www.instagram.com/yeva_manukyan",
        "value": "yeva_manukyan",
        "timestamp": 1646224702
      }
    ]
  },
  {
    "title": "",
    "media_list_data": [
      
    ],
    "string_list_data": [
      {
        "href": "https://www.instagram.com/aletamkrtchian",
        "value": "aletamkrtchian",
        "timestamp": 1640462777
      }
    ]
  },
  {
    "title": "",
    "media_list_data": [
      
    ],
    "string_list_data": [
      {
        "href": "https://www.instagram.com/rimullbaghdasaryan",
        "value": "rimullbaghdasaryan",
        "timestamp": 1638538113
      }
    ]
  },
  {
    "title": "",
    "media_list_data": [
      
    ],
    "string_list_data": [
      {
        "href": "https://www.instagram.com/tamara.nazaryann",
        "value": "tamara.nazaryann",
        "timestamp": 1635160215
      }
    ]
  },
  {
    "title": "",
    "media_list_data": [
      
    ],
    "string_list_data": [
      {
        "href": "https://www.instagram.com/mariabuniatyan",
        "value": "mariabuniatyan",
        "timestamp": 1634905977
      }
    ]
  },
  {
    "title": "",
    "media_list_data": [
      
    ],
    "string_list_data": [
      {
        "href": "https://www.instagram.com/syuzi_.sargsyan",
        "value": "syuzi_.sargsyan",
        "timestamp": 1634229540
      }
    ]
  },
  {
    "title": "",
    "media_list_data": [
      
    ],
    "string_list_data": [
      {
        "href": "https://www.instagram.com/kristinaayanyan",
        "value": "kristinaayanyan",
        "timestamp": 1633970267
      }
    ]
  },
  {
    "title": "",
    "media_list_data": [
      
    ],
    "string_list_data": [
      {
        "href": "https://www.instagram.com/mane_stepanyan",
        "value": "mane_stepanyan",
        "timestamp": 1633505324
      }
    ]
  },
  {
    "title": "",
    "media_list_data": [
      
    ],
    "string_list_data": [
      {
        "href": "https://www.instagram.com/petrvarr",
        "value": "petrvarr",
        "timestamp": 1632900329
      }
    ]
  },
  {
    "title": "",
    "media_list_data": [
      
    ],
    "string_list_data": [
      {
        "href": "https://www.instagram.com/jennybalaban_",
        "value": "jennybalaban_",
        "timestamp": 1632468329
      }
    ]
  },
  {
    "title": "",
    "media_list_data": [
      
    ],
    "string_list_data": [
      {
        "href": "https://www.instagram.com/astx.g",
        "value": "astx.g",
        "timestamp": 1630394812
      }
    ]
  },
  {
    "title": "",
    "media_list_data": [
      
    ],
    "string_list_data": [
      {
        "href": "https://www.instagram.com/seliamardirosian",
        "value": "seliamardirosian",
        "timestamp": 1629970404
      }
    ]
  },
  {
    "title": "",
    "media_list_data": [
      
    ],
    "string_list_data": [
      {
        "href": "https://www.instagram.com/a_aghaloyan",
        "value": "a_aghaloyan",
        "timestamp": 1627976984
      }
    ]
  },
  {
    "title": "",
    "media_list_data": [
      
    ],
    "string_list_data": [
      {
        "href": "https://www.instagram.com/yellow__ufo",
        "value": "yellow__ufo",
        "timestamp": 1627976983
      }
    ]
  },
  {
    "title": "",
    "media_list_data": [
      
    ],
    "string_list_data": [
      {
        "href": "https://www.instagram.com/anextp",
        "value": "anextp",
        "timestamp": 1627976982
      }
    ]
  },
  {
    "title": "",
    "media_list_data": [
      
    ],
    "string_list_data": [
      {
        "href": "https://www.instagram.com/meryyharutyunyan",
        "value": "meryyharutyunyan",
        "timestamp": 1626631320
      }
    ]
  },
  {
    "title": "",
    "media_list_data": [
      
    ],
    "string_list_data": [
      {
        "href": "https://www.instagram.com/hakobjaniann",
        "value": "hakobjaniann",
        "timestamp": 1626631304
      }
    ]
  },
  {
    "title": "",
    "media_list_data": [
      
    ],
    "string_list_data": [
      {
        "href": "https://www.instagram.com/angelina.oha",
        "value": "angelina.oha",
        "timestamp": 1626609372
      }
    ]
  },
  {
    "title": "",
    "media_list_data": [
      
    ],
    "string_list_data": [
      {
        "href": "https://www.instagram.com/yelena.kolupaeva",
        "value": "yelena.kolupaeva",
        "timestamp": 1626609372
      }
    ]
  },
  {
    "title": "",
    "media_list_data": [
      
    ],
    "string_list_data": [
      {
        "href": "https://www.instagram.com/ada.avanes",
        "value": "ada.avanes",
        "timestamp": 1625926253
      }
    ]
  },
  {
    "title": "",
    "media_list_data": [
      
    ],
    "string_list_data": [
      {
        "href": "https://www.instagram.com/eltonoyann",
        "value": "eltonoyann",
        "timestamp": 1625257422
      }
    ]
  },
  {
    "title": "",
    "media_list_data": [
      
    ],
    "string_list_data": [
      {
        "href": "https://www.instagram.com/lian.grigorian",
        "value": "lian.grigorian",
        "timestamp": 1624466604
      }
    ]
  },
  {
    "title": "",
    "media_list_data": [
      
    ],
    "string_list_data": [
      {
        "href": "https://www.instagram.com/yourrrr.infinity",
        "value": "yourrrr.infinity",
        "timestamp": 1624436681
      }
    ]
  },
  {
    "title": "",
    "media_list_data": [
      
    ],
    "string_list_data": [
      {
        "href": "https://www.instagram.com/d_a_y__a_n_a",
        "value": "d_a_y__a_n_a",
        "timestamp": 1624393283
      }
    ]
  },
  {
    "title": "",
    "media_list_data": [
      
    ],
    "string_list_data": [
      {
        "href": "https://www.instagram.com/karolina__grigoryan",
        "value": "karolina__grigoryan",
        "timestamp": 1624386444
      }
    ]
  },
  {
    "title": "",
    "media_list_data": [
      
    ],
    "string_list_data": [
      {
        "href": "https://www.instagram.com/milbabayan",
        "value": "milbabayan",
        "timestamp": 1621676903
      }
    ]
  },
  {
    "title": "",
    "media_list_data": [
      
    ],
    "string_list_data": [
      {
        "href": "https://www.instagram.com/marietasaringulyann",
        "value": "marietasaringulyann",
        "timestamp": 1618167516
      }
    ]
  },
  {
    "title": "",
    "media_list_data": [
      
    ],
    "string_list_data": [
      {
        "href": "https://www.instagram.com/_araqsyasargsyan",
        "value": "_araqsyasargsyan",
        "timestamp": 1613908030
      }
    ]
  },
  {
    "title": "",
    "media_list_data": [
      
    ],
    "string_list_data": [
      {
        "href": "https://www.instagram.com/_liananersisyan",
        "value": "_liananersisyan",
        "timestamp": 1610294863
      }
    ]
  },
  {
    "title": "",
    "media_list_data": [
      
    ],
    "string_list_data": [
      {
        "href": "https://www.instagram.com/milena_khechoyan",
        "value": "milena_khechoyan",
        "timestamp": 1609404320
      }
    ]
  },
  {
    "title": "",
    "media_list_data": [
      
    ],
    "string_list_data": [
      {
        "href": "https://www.instagram.com/elinnaart",
        "value": "elinnaart",
        "timestamp": 1608836803
      }
    ]
  },
  {
    "title": "",
    "media_list_data": [
      
    ],
    "string_list_data": [
      {
        "href": "https://www.instagram.com/mag.aslanyan",
        "value": "mag.aslanyan",
        "timestamp": 1608462315
      }
    ]
  },
  {
    "title": "",
    "media_list_data": [
      
    ],
    "string_list_data": [
      {
        "href": "https://www.instagram.com/ani_jhane",
        "value": "ani_jhane",
        "timestamp": 1606158486
      }
    ]
  },
  {
    "title": "",
    "media_list_data": [
      
    ],
    "string_list_data": [
      {
        "href": "https://www.instagram.com/shoghergalstian",
        "value": "shoghergalstian",
        "timestamp": 1606158485
      }
    ]
  },
  {
    "title": "",
    "media_list_data": [
      
    ],
    "string_list_data": [
      {
        "href": "https://www.instagram.com/rnazaryann",
        "value": "rnazaryann",
        "timestamp": 1601648512
      }
    ]
  },
  {
    "title": "",
    "media_list_data": [
      
    ],
    "string_list_data": [
      {
        "href": "https://www.instagram.com/sona._k",
        "value": "sona._k",
        "timestamp": 1601644786
      }
    ]
  },
  {
    "title": "",
    "media_list_data": [
      
    ],
    "string_list_data": [
      {
        "href": "https://www.instagram.com/3raffy",
        "value": "3raffy",
        "timestamp": 1594816765
      }
    ]
  },
  {
    "title": "",
    "media_list_data": [
      
    ],
    "string_list_data": [
      {
        "href": "https://www.instagram.com/sollncee__",
        "value": "sollncee__",
        "timestamp": 1594816761
      }
    ]
  },
  {
    "title": "",
    "media_list_data": [
      
    ],
    "string_list_data": [
      {
        "href": "https://www.instagram.com/akhach77",
        "value": "akhach77",
        "timestamp": 1583005796
      }
    ]
  },
  {
    "title": "",
    "media_list_data": [
      
    ],
    "string_list_data": [
      {
        "href": "https://www.instagram.com/an20._",
        "value": "an20._",
        "timestamp": 1582977036
      }
    ]
  },
  {
    "title": "",
    "media_list_data": [
      
    ],
    "string_list_data": [
      {
        "href": "https://www.instagram.com/gift__for__smile",
        "value": "gift__for__smile",
        "timestamp": 1580234061
      }
    ]
  },
  {
    "title": "",
    "media_list_data": [
      
    ],
    "string_list_data": [
      {
        "href": "https://www.instagram.com/merysahakyaan",
        "value": "merysahakyaan",
        "timestamp": 1579113877
      }
    ]
  },
  {
    "title": "",
    "media_list_data": [
      
    ],
    "string_list_data": [
      {
        "href": "https://www.instagram.com/_nikkaa.02_",
        "value": "_nikkaa.02_",
        "timestamp": 1569254121
      }
    ]
  },
  {
    "title": "",
    "media_list_data": [
      
    ],
    "string_list_data": [
      {
        "href": "https://www.instagram.com/emamiryann",
        "value": "emamiryann",
        "timestamp": 1567795616
      }
    ]
  },
  {
    "title": "",
    "media_list_data": [
      
    ],
    "string_list_data": [
      {
        "href": "https://www.instagram.com/manmkrtchyan03",
        "value": "manmkrtchyan03",
        "timestamp": 1567532437
      }
    ]
  },
  {
    "title": "",
    "media_list_data": [
      
    ],
    "string_list_data": [
      {
        "href": "https://www.instagram.com/hamlet_parsyan__",
        "value": "hamlet_parsyan__",
        "timestamp": 1564567205
      }
    ]
  },
  {
    "title": "",
    "media_list_data": [
      
    ],
    "string_list_data": [
      {
        "href": "https://www.instagram.com/el__ghumashyan",
        "value": "el__ghumashyan",
        "timestamp": 1563108833
      }
    ]
  },
  {
    "title": "",
    "media_list_data": [
      
    ],
    "string_list_data": [
      {
        "href": "https://www.instagram.com/narine.harut",
        "value": "narine.harut",
        "timestamp": 1561483368
      }
    ]
  },
  {
    "title": "",
    "media_list_data": [
      
    ],
    "string_list_data": [
      {
        "href": "https://www.instagram.com/mariannaghazaryan98",
        "value": "mariannaghazaryan98",
        "timestamp": 1554437389
      }
    ]
  },
  {
    "title": "",
    "media_list_data": [
      
    ],
    "string_list_data": [
      {
        "href": "https://www.instagram.com/mike__.42",
        "value": "mike__.42",
        "timestamp": 1553589464
      }
    ]
  },
  {
    "title": "",
    "media_list_data": [
      
    ],
    "string_list_data": [
      {
        "href": "https://www.instagram.com/seda___sargsi",
        "value": "seda___sargsi",
        "timestamp": 1553188899
      }
    ]
  },
  {
    "title": "",
    "media_list_data": [
      
    ],
    "string_list_data": [
      {
        "href": "https://www.instagram.com/lilith_gasparian",
        "value": "lilith_gasparian",
        "timestamp": 1550935685
      }
    ]
  },
  {
    "title": "",
    "media_list_data": [
      
    ],
    "string_list_data": [
      {
        "href": "https://www.instagram.com/silvi.tadevosyan",
        "value": "silvi.tadevosyan",
        "timestamp": 1549723538
      }
    ]
  },
  {
    "title": "",
    "media_list_data": [
      
    ],
    "string_list_data": [
      {
        "href": "https://www.instagram.com/edward.ohanyan",
        "value": "edward.ohanyan",
        "timestamp": 1548533296
      }
    ]
  },
  {
    "title": "",
    "media_list_data": [
      
    ],
    "string_list_data": [
      {
        "href": "https://www.instagram.com/mkrtchyan__liana",
        "value": "mkrtchyan__liana",
        "timestamp": 1546978407
      }
    ]
  },
  {
    "title": "",
    "media_list_data": [
      
    ],
    "string_list_data": [
      {
        "href": "https://www.instagram.com/seda.hayrapetyan",
        "value": "seda.hayrapetyan",
        "timestamp": 1546026760
      }
    ]
  },
  {
    "title": "",
    "media_list_data": [
      
    ],
    "string_list_data": [
      {
        "href": "https://www.instagram.com/be_trendy_girls",
        "value": "be_trendy_girls",
        "timestamp": 1542010684
      }
    ]
  },
  {
    "title": "",
    "media_list_data": [
      
    ],
    "string_list_data": [
      {
        "href": "https://www.instagram.com/mar_musheghyan",
        "value": "mar_musheghyan",
        "timestamp": 1540444480
      }
    ]
  },
  {
    "title": "",
    "media_list_data": [
      
    ],
    "string_list_data": [
      {
        "href": "https://www.instagram.com/annaminasyann",
        "value": "annaminasyann",
        "timestamp": 1539237226
      }
    ]
  },
  {
    "title": "",
    "media_list_data": [
      
    ],
    "string_list_data": [
      {
        "href": "https://www.instagram.com/sonarzumanyan",
        "value": "sonarzumanyan",
        "timestamp": 1536345921
      }
    ]
  },
  {
    "title": "",
    "media_list_data": [
      
    ],
    "string_list_data": [
      {
        "href": "https://www.instagram.com/sonnhakobyan",
        "value": "sonnhakobyan",
        "timestamp": 1536325279
      }
    ]
  },
  {
    "title": "",
    "media_list_data": [
      
    ],
    "string_list_data": [
      {
        "href": "https://www.instagram.com/hasbaghdasaryan_",
        "value": "hasbaghdasaryan_",
        "timestamp": 1535945078
      }
    ]
  },
  {
    "title": "",
    "media_list_data": [
      
    ],
    "string_list_data": [
      {
        "href": "https://www.instagram.com/lyusi_alaverdyan",
        "value": "lyusi_alaverdyan",
        "timestamp": 1535375381
      }
    ]
  },
  {
    "title": "",
    "media_list_data": [
      
    ],
    "string_list_data": [
      {
        "href": "https://www.instagram.com/izabel_arabyan",
        "value": "izabel_arabyan",
        "timestamp": 1527437105
      }
    ]
  },
  {
    "title": "",
    "media_list_data": [
      
    ],
    "string_list_data": [
      {
        "href": "https://www.instagram.com/ghostkira_._",
        "value": "ghostkira_._",
        "timestamp": 1519552772
      }
    ]
  },
  {
    "title": "",
    "media_list_data": [
      
    ],
    "string_list_data": [
      {
        "href": "https://www.instagram.com/__ann.13_",
        "value": "__ann.13_",
        "timestamp": 1516375668
      }
    ]
  },
  {
    "title": "",
    "media_list_data": [
      
    ],
    "string_list_data": [
      {
        "href": "https://www.instagram.com/mibangrem",
        "value": "mibangrem",
        "timestamp": 1513798710
      }
    ]
  },
  {
    "title": "",
    "media_list_data": [
      
    ],
    "string_list_data": [
      {
        "href": "https://www.instagram.com/babayan_771",
        "value": "babayan_771",
        "timestamp": 1512237954
      }
    ]
  },
  {
    "title": "",
    "media_list_data": [
      
    ],
    "string_list_data": [
      {
        "href": "https://www.instagram.com/svetabadaliann",
        "value": "svetabadaliann",
        "timestamp": 1510337042
      }
    ]
  },
  {
    "title": "",
    "media_list_data": [
      
    ],
    "string_list_data": [
      {
        "href": "https://www.instagram.com/armlian",
        "value": "armlian",
        "timestamp": 1500472068
      }
    ]
  },
  {
    "title": "",
    "media_list_data": [
      
    ],
    "string_list_data": [
      {
        "href": "https://www.instagram.com/mano_mar",
        "value": "mano_mar",
        "timestamp": 1500238136
      }
    ]
  },
  {
    "title": "",
    "media_list_data": [
      
    ],
    "string_list_data": [
      {
        "href": "https://www.instagram.com/vahanohanjanyan",
        "value": "vahanohanjanyan",
        "timestamp": 1500224891
      }
    ]
  }
]