{
  "likes_comment_likes": [
    {
      "title": "an__mart___",
      "string_list_data": [
        {
          "href": "https://www.instagram.com/p/Cw20jYnxmi3/",
          "value": "\u00f0\u009f\u0091\u008d",
          "timestamp": 1694805511
        }
      ]
    },
    {
      "title": "_____alka__________",
      "string_list_data": [
        {
          "href": "https://www.instagram.com/p/Cpnmw9hoN-Y/",
          "value": "\u00f0\u009f\u0091\u008d",
          "timestamp": 1678486649
        }
      ]
    },
    {
      "title": "yourrrr.infinity",
      "string_list_data": [
        {
          "href": "https://www.instagram.com/p/Cpnmw9hoN-Y/",
          "value": "\u00f0\u009f\u0091\u008d",
          "timestamp": 1678486600
        }
      ]
    },
    {
      "title": "sollncee__",
      "string_list_data": [
        {
          "href": "https://www.instagram.com/p/Cpnmw9hoN-Y/",
          "value": "\u00f0\u009f\u0091\u008d",
          "timestamp": 1678486587
        }
      ]
    },
    {
      "title": "manmkrtchyan03",
      "string_list_data": [
        {
          "href": "https://www.instagram.com/p/Cpnmw9hoN-Y/",
          "value": "\u00f0\u009f\u0091\u008d",
          "timestamp": 1678486535
        }
      ]
    },
    {
      "title": "el__ghumashyan",
      "string_list_data": [
        {
          "href": "https://www.instagram.com/p/Cpnmw9hoN-Y/",
          "value": "\u00f0\u009f\u0091\u008d",
          "timestamp": 1678486467
        }
      ]
    },
    {
      "title": "garikpapoyan",
      "string_list_data": [
        {
          "href": "https://www.instagram.com/p/CHUyzWrAmaU/",
          "value": "\u00f0\u009f\u0091\u008d",
          "timestamp": 1604906416
        }
      ]
    },
    {
      "title": "garikpapoyan",
      "string_list_data": [
        {
          "href": "https://www.instagram.com/p/CGvc1gRlEu3/",
          "value": "\u00f0\u009f\u0091\u008d",
          "timestamp": 1604142671
        }
      ]
    },
    {
      "title": "aram_mp3",
      "string_list_data": [
        {
          "href": "https://www.instagram.com/p/B--AglUALg1/",
          "value": "\u00f0\u009f\u0091\u008d",
          "timestamp": 1586887698
        }
      ]
    },
    {
      "title": "milaydinyan",
      "string_list_data": [
        {
          "href": "https://www.instagram.com/p/BwueZLSgCnh/",
          "value": "\u00f0\u009f\u0091\u008d",
          "timestamp": 1556360873
        }
      ]
    },
    {
      "title": "gmanukyann__",
      "string_list_data": [
        {
          "href": "https://www.instagram.com/p/BvjwnFagbXe/",
          "value": "\u00f0\u009f\u0091\u008d",
          "timestamp": 1553885777
        }
      ]
    },
    {
      "title": "el__ghumashyan",
      "string_list_data": [
        {
          "href": "https://www.instagram.com/p/Br3J0QzgQH0/",
          "value": "\u00f0\u009f\u0091\u008d",
          "timestamp": 1545853577
        }
      ]
    },
    {
      "title": "hasbaghdasaryan_",
      "string_list_data": [
        {
          "href": "https://www.instagram.com/p/Br3J0QzgQH0/",
          "value": "\u00f0\u009f\u0091\u008d",
          "timestamp": 1545853575
        }
      ]
    },
    {
      "title": "el__ghumashyan",
      "string_list_data": [
        {
          "href": "https://www.instagram.com/p/Br3J0QzgQH0/",
          "value": "\u00f0\u009f\u0091\u008d",
          "timestamp": 1545853574
        }
      ]
    },
    {
      "title": "elen______777",
      "string_list_data": [
        {
          "href": "https://www.instagram.com/p/Bn00svvBL0i/",
          "value": "\u00f0\u009f\u0091\u008d",
          "timestamp": 1537185349
        }
      ]
    },
    {
      "title": "gayane_ohanjanyan",
      "string_list_data": [
        {
          "value": "\u00f0\u009f\u0091\u008d",
          "timestamp": 1526996269
        }
      ]
    },
    {
      "title": "gayane_ohanjanyan",
      "string_list_data": [
        {
          "value": "\u00f0\u009f\u0091\u008d",
          "timestamp": 1526996267
        }
      ]
    },
    {
      "title": "gayane_ohanjanyan",
      "string_list_data": [
        {
          "value": "\u00f0\u009f\u0091\u008d",
          "timestamp": 1526996266
        }
      ]
    },
    {
      "title": "gayane_ohanjanyan",
      "string_list_data": [
        {
          "value": "\u00f0\u009f\u0091\u008d",
          "timestamp": 1526313171
        }
      ]
    },
    {
      "title": "tateevik_",
      "string_list_data": [
        {
          "href": "https://www.instagram.com/p/BhJvN7-naiT/",
          "value": "\u00f0\u009f\u0091\u008d",
          "timestamp": 1524402299
        }
      ]
    },
    {
      "title": "hyur.logopedin",
      "string_list_data": [
        {
          "href": "https://www.instagram.com/p/BhJvN7-naiT/",
          "value": "\u00f0\u009f\u0091\u008d",
          "timestamp": 1524402285
        }
      ]
    },
    {
      "title": "gayane_ohanjanyan",
      "string_list_data": [
        {
          "value": "\u00f0\u009f\u0091\u008d",
          "timestamp": 1517850102
        }
      ]
    }
  ]
}